regime,entity_type,seed,floor_fraction,min_weight,factors,test_auc,untuned_auc,hhi,largest_share,untuned_hhi,converged
plausible,SECTOR,11,0.0,0.0,5,0.6931473212408655,0.6987058200257323,0.23405088286884868,0.2783987658961782,0.22380000000000003,True
plausible,SECTOR,11,0.1,0.020000000000000004,5,0.6943470375696214,0.6987058200257323,0.23199038389582866,0.27333136793875074,0.22380000000000003,True
plausible,SECTOR,11,0.25,0.05,5,0.6942825668323285,0.6987058200257323,0.23198445018114627,0.2697085216620031,0.22380000000000003,True
plausible,SECTOR,11,0.4,0.08000000000000002,5,0.6948964403743787,0.6987058200257323,0.23013680421086344,0.2679785656908127,0.22380000000000003,True
plausible,SECTOR,11,0.6,0.12,5,0.696645559507892,0.6987058200257323,0.22179965638565452,0.2706549996801337,0.22380000000000003,True
plausible,SECTOR,11,0.8,0.16000000000000003,5,0.6987058200257323,0.6987058200257323,0.22380000000000003,0.28,0.22380000000000003,True
plausible,SECTOR,11,0.95,0.19,5,0.6987058200257323,0.6987058200257323,0.22380000000000003,0.28,0.22380000000000003,True
plausible,SECTOR,23,0.0,0.0,5,0.7526180324970038,0.7480570002722585,0.25511217055848134,0.2901285596670315,0.22380000000000003,True
plausible,SECTOR,23,0.1,0.020000000000000004,5,0.7527331108485205,0.7480570002722585,0.2551273005184618,0.2925047785034804,0.22380000000000003,True
plausible,SECTOR,23,0.25,0.05,5,0.7523289332236814,0.7480570002722585,0.25698634764970346,0.2968457750099411,0.22380000000000003,True
plausible,SECTOR,23,0.4,0.08000000000000002,5,0.7525843510282672,0.7480570002722585,0.246209783466525,0.29012470639882376,0.22380000000000003,True
plausible,SECTOR,23,0.6,0.12,5,0.7505550425368882,0.7480570002722585,0.22258539218742204,0.27466176272838994,0.22380000000000003,True
plausible,SECTOR,23,0.8,0.16000000000000003,5,0.7480570002722585,0.7480570002722585,0.22380000000000003,0.28,0.22380000000000003,True
plausible,SECTOR,23,0.95,0.19,5,0.7480570002722585,0.7480570002722585,0.22380000000000003,0.28,0.22380000000000003,True
plausible,SECTOR,37,0.0,0.0,5,0.6953012912482066,0.6927176739598278,0.2526662608935152,0.33095286530193535,0.22380000000000003,True
plausible,SECTOR,37,0.1,0.020000000000000004,5,0.6951359621592539,0.6927176739598278,0.25206547171223875,0.3312148738117387,0.22380000000000003,True
plausible,SECTOR,37,0.25,0.05,5,0.6951107424677189,0.6927176739598278,0.2525405266789817,0.33450973252528254,0.22380000000000003,True
plausible,SECTOR,37,0.4,0.08000000000000002,5,0.6945026676829269,0.6927176739598278,0.2489007352754983,0.339113109980382,0.22380000000000003,True
plausible,SECTOR,37,0.6,0.12,5,0.6936928353658537,0.6927176739598278,0.23509039452385122,0.3315618637824392,0.22380000000000003,True
plausible,SECTOR,37,0.8,0.16000000000000003,5,0.6927176739598278,0.6927176739598278,0.22380000000000003,0.28,0.22380000000000003,True
plausible,SECTOR,37,0.95,0.19,5,0.6927176739598278,0.6927176739598278,0.22380000000000003,0.28,0.22380000000000003,True
plausible,SECTOR,41,0.0,0.0,5,0.7056744578991834,0.7032385243593353,0.23612137425544927,0.29055027958876595,0.22380000000000003,True
plausible,SECTOR,41,0.1,0.020000000000000004,5,0.7054379048155449,0.7032385243593353,0.2362411333525384,0.28478795255307005,0.22380000000000003,True
plausible,SECTOR,41,0.25,0.05,5,0.7054294564911293,0.7032385243593353,0.23613431802301743,0.28286533833932975,0.22380000000000003,True
plausible,SECTOR,41,0.4,0.08000000000000002,5,0.7055984229794423,0.7032385243593353,0.22900554442893392,0.28271069933162907,0.22380000000000003,True
plausible,SECTOR,41,0.6,0.12,5,0.7047958321599549,0.7032385243593353,0.22216090330214774,0.27045483661692094,0.22380000000000003,True
plausible,SECTOR,41,0.8,0.16000000000000003,5,0.7032385243593353,0.7032385243593353,0.22380000000000003,0.28,0.22380000000000003,True
plausible,SECTOR,41,0.95,0.19,5,0.7032385243593353,0.7032385243593353,0.22380000000000003,0.28,0.22380000000000003,True
plausible,SECTOR,53,0.0,0.0,5,0.7509402271150545,0.7389496982004375,0.25348872929872496,0.3454894689273391,0.22380000000000003,True
plausible,SECTOR,53,0.1,0.020000000000000004,5,0.7510666206032621,0.7389496982004375,0.2562232178258751,0.3449553516372579,0.22380000000000003,True
plausible,SECTOR,53,0.25,0.05,5,0.750754849999017,0.7389496982004375,0.2561220709695441,0.34055794433708203,0.22380000000000003,True
plausible,SECTOR,53,0.4,0.08000000000000002,5,0.7491482483266907,0.7389496982004375,0.2583176505244099,0.36407350101893704,0.22380000000000003,True
plausible,SECTOR,53,0.6,0.12,5,0.7441430661936742,0.7389496982004375,0.24582128049883054,0.32369186585561216,0.22380000000000003,True
plausible,SECTOR,53,0.8,0.16000000000000003,5,0.7389496982004375,0.7389496982004375,0.22380000000000003,0.28,0.22380000000000003,True
plausible,SECTOR,53,0.95,0.19,5,0.7389496982004375,0.7389496982004375,0.22380000000000003,0.28,0.22380000000000003,True
plausible,PROJECT,11,0.0,0.0,4,0.7236389056989628,0.7214634502618895,0.2805170941646869,0.3880198977677065,0.255,True
plausible,PROJECT,11,0.1,0.025,4,0.7238371486404708,0.7214634502618895,0.2812959878994878,0.3899270874831318,0.255,True
plausible,PROJECT,11,0.25,0.0625,4,0.7235763026648026,0.7214634502618895,0.2755844190259307,0.3730265436305559,0.255,True
plausible,PROJECT,11,0.4,0.1,4,0.7234510965964817,0.7214634502618895,0.2781670570843114,0.38192647788723544,0.255,True
plausible,PROJECT,11,0.6,0.15,4,0.723670207216043,0.7214634502618895,0.27970846345750855,0.38562114868157715,0.255,True
plausible,PROJECT,11,0.8,0.2,4,0.7244631789820748,0.7214634502618895,0.26234709337678597,0.3350711458924882,0.255,True
plausible,PROJECT,11,0.95,0.2375,4,0.7211713027691408,0.7214634502618895,0.25170068139521057,0.2856916941395892,0.255,True
plausible,PROJECT,23,0.0,0.0,4,0.7655423844448236,0.7588798396725225,0.32953990726387167,0.4818395088756844,0.255,True
plausible,PROJECT,23,0.1,0.025,4,0.7659687873102508,0.7588798396725225,0.34075938123367105,0.4975558290193104,0.255,True
plausible,PROJECT,23,0.25,0.0625,4,0.766059397919154,0.7588798396725225,0.34677275293678245,0.504810466064494,0.255,True
plausible,PROJECT,23,0.4,0.1,4,0.7676690687361419,0.7588798396725225,0.3377966449444819,0.4966753558255994,0.255,True
plausible,PROJECT,23,0.6,0.15,4,0.7690282278696913,0.7588798396725225,0.31518729157157804,0.46300518601236207,0.255,True
plausible,PROJECT,23,0.8,0.2,4,0.7676157683779636,0.7588798396725225,0.2654551472291109,0.3529665343831878,0.255,True
plausible,PROJECT,23,0.95,0.2375,4,0.7666457018591165,0.7588798396725225,0.2518131000766172,0.2868735057366464,0.255,True
plausible,PROJECT,37,0.0,0.0,4,0.7485781433607521,0.7437942290116203,0.33360172418366574,0.4929347952549626,0.255,True
plausible,PROJECT,37,0.1,0.025,4,0.7486825956391174,0.7437942290116203,0.3342218185159329,0.4938450212138068,0.255,True
plausible,PROJECT,37,0.25,0.0625,4,0.7486094790442617,0.7437942290116203,0.3384610739132086,0.5000494329731633,0.255,True
plausible,PROJECT,37,0.4,0.1,4,0.7489802846324586,0.7437942290116203,0.33899299869614674,0.5012783630095694,0.255,True
plausible,PROJECT,37,0.6,0.15,4,0.7493458676067372,0.7437942290116203,0.317552976997113,0.4687290265444052,0.255,True
plausible,PROJECT,37,0.8,0.2,4,0.7452722287504896,0.7437942290116203,0.2786705350278206,0.39663210245875113,0.255,True
plausible,PROJECT,37,0.95,0.2375,4,0.7430369499934717,0.7437942290116203,0.2518710043718643,0.2874600146603982,0.255,True
plausible,PROJECT,41,0.0,0.0,4,0.7416342084319378,0.740569543195366,0.3354113994043545,0.4847719374650495,0.255,True
plausible,PROJECT,41,0.1,0.025,4,0.7411914763533635,0.740569543195366,0.3313362250576402,0.48335353758905225,0.255,True
plausible,PROJECT,41,0.25,0.0625,4,0.7415867728520906,0.740569543195366,0.33671125896191345,0.48729134774297567,0.255,True
plausible,PROJECT,41,0.4,0.1,4,0.7415815022321075,0.740569543195366,0.3294831484463445,0.4788480680745357,0.255,True
plausible,PROJECT,41,0.6,0.15,4,0.7415762316121245,0.740569543195366,0.30812513536805874,0.45132775911873513,0.255,True
plausible,PROJECT,41,0.8,0.2,4,0.742408989569443,0.740569543195366,0.26968023226635457,0.36964312912013153,0.255,True
plausible,PROJECT,41,0.95,0.2375,4,0.7408857803943478,0.740569543195366,0.2518748600082291,0.28749860004318584,0.255,True
plausible,PROJECT,53,0.0,0.0,4,0.7350335249042145,0.7283389555222388,0.3070710143244098,0.44734078742812466,0.255,True
plausible,PROJECT,53,0.1,0.025,4,0.733961144427786,0.7283389555222388,0.2978948214847242,0.4289110699288187,0.255,True
plausible,PROJECT,53,0.25,0.0625,4,0.734575420623022,0.7283389555222388,0.2985471485247441,0.43588872551041297,0.255,True
plausible,PROJECT,53,0.4,0.1,4,0.735580126603365,0.7283389555222388,0.3119808632666384,0.4577759165205133,0.255,True
plausible,PROJECT,53,0.6,0.15,4,0.7350647592870231,0.7283389555222388,0.3014563607383447,0.44181964031411713,0.255,True
plausible,PROJECT,53,0.8,0.2,4,0.7313322505413961,0.7283389555222388,0.2738376947946024,0.38359994766440036,0.255,True
plausible,PROJECT,53,0.95,0.2375,4,0.7276882392137265,0.7283389555222388,0.25174798918285796,0.2862037537299578,0.255,True
plausible,CONTRACTOR,11,0.0,0.0,4,0.7659604842393787,0.7532620488807675,0.2689551748155986,0.3248190992325735,0.30000000000000016,True
plausible,CONTRACTOR,11,0.1,0.025,4,0.7659319323892188,0.7532620488807675,0.2663193514555363,0.32025345860554766,0.30000000000000016,True
plausible,CONTRACTOR,11,0.25,0.0625,4,0.7669455230698949,0.7532620488807675,0.26839999929864444,0.33607453843906954,0.30000000000000016,True
plausible,CONTRACTOR,11,0.4,0.1,4,0.7678877341251713,0.7532620488807675,0.26492217292109477,0.33033367929192237,0.30000000000000016,True
plausible,CONTRACTOR,11,0.6,0.15,4,0.7680304933759707,0.7532620488807675,0.2672072060991813,0.33885891716522576,0.30000000000000016,True
plausible,CONTRACTOR,11,0.8,0.2,4,0.7674309045226131,0.7532620488807675,0.2601331386991826,0.32925321309966943,0.30000000000000016,True
plausible,CONTRACTOR,11,0.95,0.2375,4,0.7644543741434444,0.7532620488807675,0.250712320969927,0.26947263058970505,0.30000000000000016,True
plausible,CONTRACTOR,23,0.0,0.0,4,0.760446500171841,0.747493985565357,0.27091099267657137,0.3351238901741484,0.30000000000000016,True
plausible,CONTRACTOR,23,0.1,0.025,4,0.7603247794707297,0.747493985565357,0.27436691185303347,0.34758666988980885,0.30000000000000016,True
plausible,CONTRACTOR,23,0.25,0.0625,4,0.7604679802955665,0.747493985565357,0.2693927881803818,0.33814082733629086,0.30000000000000016,True
plausible,CONTRACTOR,23,0.4,0.1,4,0.761069423759881,0.747493985565357,0.2678852222943463,0.3365703712843632,0.30000000000000016,True
plausible,CONTRACTOR,23,0.6,0.15,4,0.760446500171841,0.747493985565357,0.27105720415201306,0.33422307738952806,0.30000000000000016,True
plausible,CONTRACTOR,23,0.8,0.2,4,0.762737713369229,0.747493985565357,0.2585841363813057,0.3140135123468509,0.30000000000000016,True
plausible,CONTRACTOR,23,0.95,0.2375,4,0.7614489059456981,0.747493985565357,0.2511083052774745,0.2782013098083144,0.30000000000000016,True
plausible,CONTRACTOR,37,0.0,0.0,4,0.7070537152058891,0.7044729123533471,0.26154345807475043,0.2901433733399436,0.30000000000000016,True
plausible,CONTRACTOR,37,0.1,0.025,4,0.7073484587071543,0.7044729123533471,0.26175537239232854,0.28692299422103024,0.30000000000000016,True
plausible,CONTRACTOR,37,0.25,0.0625,4,0.7069674488152748,0.7044729123533471,0.2604009509025664,0.2900577397916272,0.30000000000000016,True
plausible,CONTRACTOR,37,0.4,0.1,4,0.7071759259259259,0.7044729123533471,0.261527421152622,0.2911405042639029,0.30000000000000016,True
plausible,CONTRACTOR,37,0.6,0.15,4,0.7069602599493904,0.7044729123533471,0.26148884076216855,0.290659180774525,0.30000000000000016,True
plausible,CONTRACTOR,37,0.8,0.2,4,0.7030926501035197,0.7044729123533471,0.25470847223883086,0.29700623192524855,0.30000000000000016,True
plausible,CONTRACTOR,37,0.95,0.2375,4,0.6995629169542212,0.7044729123533471,0.25118160779948856,0.27943552139663336,0.30000000000000016,True
plausible,CONTRACTOR,41,0.0,0.0,4,0.7155649346945759,0.7019406262476473,0.26024887328820945,0.29716217295102626,0.30000000000000016,True
plausible,CONTRACTOR,41,0.1,0.025,4,0.7185165117207551,0.7019406262476473,0.26336737366874025,0.3333913133010024,0.30000000000000016,True
plausible,CONTRACTOR,41,0.25,0.0625,4,0.7162279701135004,0.7019406262476473,0.2586246513813225,0.29459469885645473,0.30000000000000016,True
plausible,CONTRACTOR,41,0.4,0.1,4,0.7178463468887242,0.7019406262476473,0.25726985854766027,0.3088893975170096,0.30000000000000016,True
plausible,CONTRACTOR,41,0.6,0.15,4,0.7184666058290081,0.7019406262476473,0.2604838964405743,0.3254207683256308,0.30000000000000016,True
plausible,CONTRACTOR,41,0.8,0.2,4,0.717653852734843,0.7019406262476473,0.2543929800267633,0.2932900334389791,0.30000000000000016,True
plausible,CONTRACTOR,41,0.95,0.2375,4,0.7160782524382592,0.7019406262476473,0.25007603397306655,0.25561881853097823,0.30000000000000016,True
plausible,CONTRACTOR,53,0.0,0.0,4,0.746776696390901,0.7467051866047869,0.2678282181957956,0.3121587463049187,0.30000000000000016,True
plausible,CONTRACTOR,53,0.1,0.025,4,0.7467480924764553,0.7467051866047869,0.26824781142641996,0.3127137109869745,0.30000000000000016,True
plausible,CONTRACTOR,53,0.25,0.0625,4,0.746640827797284,0.7467051866047869,0.26702809628958074,0.31276913143928925,0.30000000000000016,True
plausible,CONTRACTOR,53,0.4,0.1,4,0.7467123375833983,0.7467051866047869,0.26820322647801836,0.3123033705133146,0.30000000000000016,True
plausible,CONTRACTOR,53,0.6,0.15,4,0.7463976945244957,0.7467051866047869,0.2640492096007944,0.30560437686901876,0.30000000000000016,True
plausible,CONTRACTOR,53,0.8,0.2,4,0.7429437718551783,0.7467051866047869,0.25600554190545405,0.30085410596743345,0.30000000000000016,True
plausible,CONTRACTOR,53,0.95,0.2375,4,0.7412775938387168,0.7467051866047869,0.2501136496833053,0.25452647354360536,0.30000000000000016,True
adversarial,SECTOR,11,0.0,0.0,5,0.8118407128933445,0.7818379281537178,0.6823837671284863,0.8204062938568912,0.22380000000000003,True
adversarial,SECTOR,11,0.1,0.020000000000000004,5,0.8116847674742411,0.7818379281537178,0.6787107803532281,0.8181399833948657,0.22380000000000003,True
adversarial,SECTOR,11,0.25,0.05,5,0.8115121136173769,0.7818379281537178,0.646684394215216,0.7977847295926427,0.22380000000000003,True
adversarial,SECTOR,11,0.4,0.08000000000000002,5,0.8095739348370927,0.7818379281537178,0.48799735636726294,0.6799977969668539,0.22380000000000003,True
adversarial,SECTOR,11,0.6,0.12,5,0.8027234753550543,0.7818379281537178,0.32799604225592316,0.519995052763036,0.22380000000000003,True
adversarial,SECTOR,11,0.8,0.16000000000000003,5,0.7859927596769702,0.7818379281537178,0.231999946746504,0.359999866866176,0.22380000000000003,True
adversarial,SECTOR,11,0.95,0.19,5,0.7818379281537178,0.7818379281537178,0.22380000000000003,0.28,0.22380000000000003,True
adversarial,SECTOR,23,0.0,0.0,5,0.8121127990853225,0.7863415964013787,0.5055210803260759,0.6912604140742791,0.22380000000000003,True
adversarial,SECTOR,23,0.1,0.020000000000000004,5,0.8116843917868201,0.7863415964013787,0.4812885754261389,0.6724208917869056,0.22380000000000003,True
adversarial,SECTOR,23,0.25,0.05,5,0.8117734114852102,0.7863415964013787,0.48624830536437263,0.6765652351680971,0.22380000000000003,True
adversarial,SECTOR,23,0.4,0.08000000000000002,5,0.8107218662979767,0.7863415964013787,0.47332730092325936,0.6675678679465897,0.22380000000000003,True
adversarial,SECTOR,23,0.6,0.12,5,0.8045711615123334,0.7863415964013787,0.3279973741102718,0.5199967176122111,0.22380000000000003,True
adversarial,SECTOR,23,0.8,0.16000000000000003,5,0.7898244921008928,0.7863415964013787,0.23199991612953644,0.35999979032363516,0.22380000000000003,True
adversarial,SECTOR,23,0.95,0.19,5,0.7863415964013787,0.7863415964013787,0.22380000000000003,0.28,0.22380000000000003,True
adversarial,SECTOR,37,0.0,0.0,5,0.7944560071995563,0.7621220859767462,0.43382578523780346,0.6267919427501247,0.22380000000000003,True
adversarial,SECTOR,37,0.1,0.020000000000000004,5,0.7939461314922083,0.7621220859767462,0.42943467945032626,0.6210921785300575,0.22380000000000003,True
adversarial,SECTOR,37,0.25,0.05,5,0.7948600070769634,0.7621220859767462,0.44345449575987633,0.635569926465523,0.22380000000000003,True
adversarial,SECTOR,37,0.4,0.08000000000000002,5,0.7935142695542905,0.7621220859767462,0.40602487957610833,0.603007029233162,0.22380000000000003,True
adversarial,SECTOR,37,0.6,0.12,5,0.7875991541078429,0.7621220859767462,0.32798524566519044,0.5199815563251303,0.22380000000000003,True
adversarial,SECTOR,37,0.8,0.16000000000000003,5,0.7707704695593058,0.7621220859767462,0.23199333592526314,0.35998333852040704,0.22380000000000003,True
adversarial,SECTOR,37,0.95,0.19,5,0.7621220859767462,0.7621220859767462,0.22380000000000003,0.28,0.22380000000000003,True
adversarial,SECTOR,41,0.0,0.0,5,0.7961363427862923,0.781635813194481,0.560042778706883,0.7344595452967722,0.22380000000000003,True
adversarial,SECTOR,41,0.1,0.020000000000000004,5,0.7954719205139682,0.781635813194481,0.5577394300435241,0.734178958901806,0.22380000000000003,True
adversarial,SECTOR,41,0.25,0.05,5,0.7952189396487735,0.781635813194481,0.5529921753975604,0.7311733287154751,0.22380000000000003,True
adversarial,SECTOR,41,0.4,0.08000000000000002,5,0.7952828798674492,0.781635813194481,0.48799961511167905,0.6799996792595673,0.22380000000000003,True
adversarial,SECTOR,41,0.6,0.12,5,0.7923555298559121,0.781635813194481,0.3279997690366807,0.5199997112956469,0.22380000000000003,True
adversarial,SECTOR,41,0.8,0.16000000000000003,5,0.7826060365126449,0.781635813194481,0.2319999278575327,0.35999981964367367,0.22380000000000003,True
adversarial,SECTOR,41,0.95,0.19,5,0.781635813194481,0.781635813194481,0.22380000000000003,0.28,0.22380000000000003,True
adversarial,SECTOR,53,0.0,0.0,5,0.8096759470561388,0.7839248143736572,0.5232898177157385,0.6957867050202,0.22380000000000003,True
adversarial,SECTOR,53,0.1,0.020000000000000004,5,0.809005243178858,0.7839248143736572,0.5193190482345614,0.6908556729509745,0.22380000000000003,True
adversarial,SECTOR,53,0.25,0.05,5,0.809316939586557,0.7839248143736572,0.4760123329122248,0.6585745904668485,0.22380000000000003,True
adversarial,SECTOR,53,0.4,0.08000000000000002,5,0.8097538711580636,0.7839248143736572,0.48758161853495485,0.6796511746271099,0.22380000000000003,True
adversarial,SECTOR,53,0.6,0.12,5,0.8045051262927052,0.7839248143736572,0.32797099404695657,0.5199637394950292,0.22380000000000003,True
adversarial,SECTOR,53,0.8,0.16000000000000003,5,0.790551146040899,0.7839248143736572,0.2319998031066269,0.35999950776537276,0.22380000000000003,True
adversarial,SECTOR,53,0.95,0.19,5,0.7839248143736572,0.7839248143736572,0.22380000000000003,0.28,0.22380000000000003,True
adversarial,PROJECT,11,0.0,0.0,4,0.8119658119658121,0.8104068613622754,0.30097882702149076,0.35648165678007393,0.255,True
adversarial,PROJECT,11,0.1,0.025,4,0.8120548948574426,0.8104068613622754,0.2993574506612873,0.35144602330929714,0.255,True
adversarial,PROJECT,11,0.25,0.0625,4,0.8110700339999704,0.8104068613622754,0.29994326126711535,0.3590394464461276,0.255,True
adversarial,PROJECT,11,0.4,0.1,4,0.8110502378018302,0.8104068613622754,0.2836387444393829,0.34278326126406555,0.255,True
adversarial,PROJECT,11,0.6,0.15,4,0.8107334986315878,0.8104068613622754,0.26591302511499315,0.3091638134147404,0.255,True
adversarial,PROJECT,11,0.8,0.2,4,0.8104068613622754,0.8104068613622754,0.255,0.3,0.255,True
adversarial,PROJECT,11,0.95,0.2375,4,0.8104068613622754,0.8104068613622754,0.255,0.3,0.255,True
adversarial,PROJECT,23,0.0,0.0,4,0.8062275674710979,0.8042148367011045,0.26817497757517694,0.3170387869025052,0.255,True
adversarial,PROJECT,23,0.1,0.025,4,0.8061333756370342,0.8042148367011045,0.26786447960364873,0.31476392332009157,0.255,True
adversarial,PROJECT,23,0.25,0.0625,4,0.8059152471792026,0.8042148367011045,0.266443573217411,0.3126331831186967,0.255,True
adversarial,PROJECT,23,0.4,0.1,4,0.8060391838029705,0.8042148367011045,0.2680190836524889,0.31233100386655355,0.255,True
adversarial,PROJECT,23,0.6,0.15,4,0.8059648218287097,0.8042148367011045,0.26415699799887876,0.31242970760472344,0.255,True
adversarial,PROJECT,23,0.8,0.2,4,0.8035554938626585,0.8042148367011045,0.257223423914809,0.3039521810930666,0.255,True
adversarial,PROJECT,23,0.95,0.2375,4,0.8042148367011045,0.8042148367011045,0.255,0.3,0.255,True
adversarial,PROJECT,37,0.0,0.0,4,0.8184289074700034,0.8095831109529739,0.2951685526420115,0.35691625689326645,0.255,True
adversarial,PROJECT,37,0.1,0.025,4,0.8186068117574966,0.8095831109529739,0.2982338652672519,0.36217434096183504,0.255,True
adversarial,PROJECT,37,0.25,0.0625,4,0.8182559449682738,0.8095831109529739,0.2882782877667725,0.3471423332837513,0.255,True
adversarial,PROJECT,37,0.4,0.1,4,0.8174751428176086,0.8095831109529739,0.28269800709819515,0.3417682448859045,0.255,True
adversarial,PROJECT,37,0.6,0.15,4,0.813931882425033,0.8095831109529739,0.26700090716357033,0.3337516429551161,0.255,True
adversarial,PROJECT,37,0.8,0.2,4,0.8086392298721066,0.8095831109529739,0.26343617526712515,0.34442085442712667,0.255,True
adversarial,PROJECT,37,0.95,0.2375,4,0.8095831109529739,0.8095831109529739,0.255,0.3,0.255,True
adversarial,PROJECT,41,0.0,0.0,4,0.8109172206394428,0.8067624248179803,0.28463172457411945,0.3145598257253582,0.255,True
adversarial,PROJECT,41,0.1,0.025,4,0.8109419515669516,0.8067624248179803,0.2837788558406241,0.3157557985542189,0.255,True
adversarial,PROJECT,41,0.25,0.0625,4,0.81105076764799,0.8067624248179803,0.28578865728579406,0.31709614673039815,0.255,True
adversarial,PROJECT,41,0.4,0.1,4,0.8105413105413106,0.8067624248179803,0.2784565589909802,0.3074381434158051,0.255,True
adversarial,PROJECT,41,0.6,0.15,4,0.8090129392212726,0.8067624248179803,0.2630008017656953,0.2968177219660484,0.255,True
adversarial,PROJECT,41,0.8,0.2,4,0.8063518914213359,0.8067624248179803,0.25497903607921246,0.2934153448044937,0.255,True
adversarial,PROJECT,41,0.95,0.2375,4,0.8067624248179803,0.8067624248179803,0.255,0.3,0.255,True
adversarial,PROJECT,53,0.0,0.0,4,0.8295268643954709,0.8272830164433528,0.2999145853273731,0.35214234382394827,0.255,True
adversarial,PROJECT,53,0.1,0.025,4,0.829319283747918,0.8272830164433528,0.3056972472709831,0.3500639073915227,0.255,True
adversarial,PROJECT,53,0.25,0.0625,4,0.8296010003410254,0.8272830164433528,0.2921992281094092,0.34584960743136867,0.255,True
adversarial,PROJECT,53,0.4,0.1,4,0.8294576708462866,0.8272830164433528,0.2806861031481253,0.32233101045214674,0.255,True
adversarial,PROJECT,53,0.6,0.15,4,0.8287410233725925,0.8272830164433528,0.2633581094151341,0.29170454284837416,0.255,True
adversarial,PROJECT,53,0.8,0.2,4,0.8268727975446174,0.8272830164433528,0.25647493608588456,0.30077293079897394,0.255,True
adversarial,PROJECT,53,0.95,0.2375,4,0.8272830164433528,0.8272830164433528,0.255,0.3,0.255,True
adversarial,CONTRACTOR,11,0.0,0.0,4,0.8152441166139797,0.7731237560004683,0.9531260955028675,0.976170251031203,0.30000000000000016,True
adversarial,CONTRACTOR,11,0.1,0.025,4,0.8166198337431214,0.7731237560004683,0.284726691068215,0.3597757291580271,0.30000000000000016,True
adversarial,CONTRACTOR,11,0.25,0.0625,4,0.8164734808570425,0.7731237560004683,0.28740653552044926,0.3536986746168366,0.30000000000000016,True
adversarial,CONTRACTOR,11,0.4,0.1,4,0.8163929867696991,0.7731237560004683,0.27752824902483747,0.33495561819686354,0.30000000000000016,True
adversarial,CONTRACTOR,11,0.6,0.15,4,0.8158514810912071,0.7731237560004683,0.2674906895233969,0.33692960747819056,0.30000000000000016,True
adversarial,CONTRACTOR,11,0.8,0.2,4,0.8129756468797564,0.7731237560004683,0.2536443313060653,0.2799716621688878,0.30000000000000016,True
adversarial,CONTRACTOR,11,0.95,0.2375,4,0.8110876946493385,0.7731237560004683,0.2512325254935485,0.2803039420868723,0.30000000000000016,True
adversarial,CONTRACTOR,23,0.0,0.0,4,0.794674483049553,0.7587952490744715,0.45048161328974706,0.6309547346346964,0.30000000000000016,True
adversarial,CONTRACTOR,23,0.1,0.025,4,0.794783582686615,0.7587952490744715,0.31823286068475515,0.44846102041554353,0.30000000000000016,True
adversarial,CONTRACTOR,23,0.25,0.0625,4,0.7944999236302541,0.7587952490744715,0.4514031459482363,0.6335090719432979,0.30000000000000016,True
adversarial,CONTRACTOR,23,0.4,0.1,4,0.7953945406541614,0.7587952490744715,0.2765094974067032,0.3301273722856499,0.30000000000000016,True
adversarial,CONTRACTOR,23,0.6,0.15,4,0.7944417371571545,0.7587952490744715,0.2676744241411556,0.3268926752203557,0.30000000000000016,True
adversarial,CONTRACTOR,23,0.8,0.2,4,0.7929943486388003,0.7587952490744715,0.2604688264874821,0.319116972501359,0.30000000000000016,True
adversarial,CONTRACTOR,23,0.95,0.2375,4,0.7904268705132774,0.7587952490744715,0.25076412663985087,0.27107528800334296,0.30000000000000016,True
adversarial,CONTRACTOR,37,0.0,0.0,4,0.7827244361367092,0.7508091556415422,0.6981560170766177,0.8286062047541236,0.30000000000000016,True
adversarial,CONTRACTOR,37,0.1,0.025,4,0.7831026482118569,0.7508091556415422,0.5730597809693795,0.738721923056655,0.30000000000000016,True
adversarial,CONTRACTOR,37,0.25,0.0625,4,0.7834444937413174,0.7508091556415422,0.2888864817254265,0.3719822915869394,0.30000000000000016,True
adversarial,CONTRACTOR,37,0.4,0.1,4,0.7829790019565201,0.7508091556415422,0.2941961124195322,0.35876511266136246,0.30000000000000016,True
adversarial,CONTRACTOR,37,0.6,0.15,4,0.7819461920590011,0.7508091556415422,0.2804503678134743,0.35828191791589337,0.30000000000000016,True
adversarial,CONTRACTOR,37,0.8,0.2,4,0.7788186691298942,0.7508091556415422,0.26284905588355856,0.3378893653640256,0.30000000000000016,True
adversarial,CONTRACTOR,37,0.95,0.2375,4,0.7713780738822742,0.7508091556415422,0.25153407422708335,0.28385500374624945,0.30000000000000016,True
adversarial,CONTRACTOR,41,0.0,0.0,4,0.8155573025856045,0.7835065804798508,0.9935237882255853,0.9967543694462327,0.30000000000000016,True
adversarial,CONTRACTOR,41,0.1,0.025,4,0.8153898788725833,0.7835065804798508,0.4545989937239715,0.6318554526136514,0.30000000000000016,True
adversarial,CONTRACTOR,41,0.25,0.0625,4,0.8157247262986255,0.7835065804798508,0.28955222029141625,0.33249837176919794,0.30000000000000016,True
adversarial,CONTRACTOR,41,0.4,0.1,4,0.8159212671791288,0.7835065804798508,0.2768597336246722,0.31508223224985293,0.30000000000000016,True
adversarial,CONTRACTOR,41,0.6,0.15,4,0.8159431050547403,0.7835065804798508,0.26403706238754254,0.30335700830868284,0.30000000000000016,True
adversarial,CONTRACTOR,41,0.8,0.2,4,0.8142251921733054,0.7835065804798508,0.25535887596192597,0.3037212318860833,0.30000000000000016,True
adversarial,CONTRACTOR,41,0.95,0.2375,4,0.8111460517120894,0.7835065804798508,0.25089539914070585,0.27417286721885126,0.30000000000000016,True
adversarial,CONTRACTOR,53,0.0,0.0,4,0.7428370899467032,0.7165541997792091,0.2602219624227769,0.3255048074297924,0.30000000000000016,True
adversarial,CONTRACTOR,53,0.1,0.025,4,0.7426543160234244,0.7165541997792091,0.26152223056050167,0.33083230930259244,0.30000000000000016,True
adversarial,CONTRACTOR,53,0.25,0.0625,4,0.7427786022912539,0.7165541997792091,0.26055589492341213,0.326976821452443,0.30000000000000016,True
adversarial,CONTRACTOR,53,0.4,0.1,4,0.742742047506598,0.7165541997792091,0.26064476499152467,0.3274803074337007,0.30000000000000016,True
adversarial,CONTRACTOR,53,0.6,0.15,4,0.7425300297555948,0.7165541997792091,0.25975956487885543,0.3304311412786244,0.30000000000000016,True
adversarial,CONTRACTOR,53,0.8,0.2,4,0.742398432530834,0.7165541997792091,0.25776127124143305,0.32271733425717564,0.30000000000000016,True
adversarial,CONTRACTOR,53,0.95,0.2375,4,0.7422960791337978,0.7165541997792091,0.2517746862662807,0.2864798941580814,0.30000000000000016,True
