regime,entity_type,seed,bayes_ceiling,model,interpretable,roc_auc,average_precision,brier,precision_at_threshold,recall_at_threshold
plausible,SECTOR,20260826,0.750713635408642,GRIE (hand-specified),True,0.7351355136914349,0.7570694507055219,0.22416545716405106,0.8721804511278195,0.17709923664122137
plausible,SECTOR,20260826,0.750713635408642,GRIE (tuned weights),True,0.7388080397786959,0.7590721853446508,0.23449012424970514,0.8714285714285714,0.09312977099236641
plausible,SECTOR,20260826,0.750713635408642,Logistic regression,True,0.742480565865957,0.7646045566274614,0.20494196578434226,0.6942028985507246,0.7312977099236642
plausible,SECTOR,20260826,0.750713635408642,Gradient boosting,False,0.7375068282092583,0.7616014699292899,0.2062620087674915,0.7025796661608498,0.7068702290076336
plausible,SECTOR,20260826,0.750713635408642,Random forest,False,0.7406092863645913,0.7640838694068048,0.20528212121876208,0.7044776119402985,0.7206106870229008
plausible,SECTOR,20260827,0.7460576923076923,GRIE (hand-specified),True,0.734793552036199,0.7744002917212223,0.2252708828930777,0.8482758620689655,0.18088235294117647
plausible,SECTOR,20260827,0.7460576923076923,GRIE (tuned weights),True,0.7454468325791854,0.7789498480040429,0.22692502065231632,0.8770491803278688,0.15735294117647058
plausible,SECTOR,20260827,0.7460576923076923,Logistic regression,True,0.7440016968325792,0.7785529659625323,0.2027280645838486,0.7082191780821918,0.7602941176470588
plausible,SECTOR,20260827,0.7460576923076923,Gradient boosting,False,0.739318438914027,0.7795632058030604,0.20450644027233253,0.7153075822603719,0.7352941176470589
plausible,SECTOR,20260827,0.7460576923076923,Random forest,False,0.7411199095022625,0.7816751041002443,0.20431463841451958,0.7150610583446404,0.775
plausible,SECTOR,20260828,0.7633672788772017,GRIE (hand-specified),True,0.7531082638654384,0.7468221960085105,0.2199086950181035,0.8129496402877698,0.17628705148205928
plausible,SECTOR,20260828,0.7633672788772017,GRIE (tuned weights),True,0.7590247795958351,0.7467933205760728,0.2279416834304966,0.7727272727272727,0.07956318252730109
plausible,SECTOR,20260828,0.7633672788772017,Logistic regression,True,0.7633114626910659,0.7563311278347471,0.19825306522880182,0.7164179104477612,0.748829953198128
plausible,SECTOR,20260828,0.7633672788772017,Gradient boosting,False,0.7593415364521557,0.7627884387100731,0.1998524972048332,0.7151799687010955,0.7129485179407177
plausible,SECTOR,20260828,0.7633672788772017,Random forest,False,0.7591503660146406,0.7616761335239584,0.199984997964685,0.7177914110429447,0.7301092043681747
plausible,SECTOR,20260829,0.7301930069930069,GRIE (hand-specified),True,0.7184587412587413,0.7495077440174976,0.22780028172872904,0.8617886178861789,0.16307692307692306
plausible,SECTOR,20260829,0.7301930069930069,GRIE (tuned weights),True,0.7159720279720279,0.7483978458245717,0.23059830468153483,0.883495145631068,0.14
plausible,SECTOR,20260829,0.7301930069930069,Logistic regression,True,0.7227216783216783,0.755843958574211,0.2116891748503554,0.6915887850467289,0.683076923076923
plausible,SECTOR,20260829,0.7301930069930069,Gradient boosting,False,0.706890909090909,0.7427523232498973,0.21693589546342149,0.6803030303030303,0.6907692307692308
plausible,SECTOR,20260829,0.7301930069930069,Random forest,False,0.7108083916083916,0.739511931199157,0.21591604971458916,0.6892744479495269,0.6723076923076923
plausible,SECTOR,20260830,0.7580706120814914,GRIE (hand-specified),True,0.7425215081007079,0.7777011148146902,0.22169505181178778,0.9072847682119205,0.20980091883614088
plausible,SECTOR,20260830,0.7580706120814914,GRIE (tuned weights),True,0.7523285861065927,0.7807908575939917,0.22345233146582208,0.9107142857142857,0.1562021439509954
plausible,SECTOR,20260830,0.7580706120814914,Logistic regression,True,0.7521326125238319,0.7854163260159006,0.20101168299127808,0.6926470588235294,0.7212863705972435
plausible,SECTOR,20260830,0.7580706120814914,Gradient boosting,False,0.7431080290376857,0.7650231328349014,0.20462909368987145,0.7023460410557185,0.7335375191424196
plausible,SECTOR,20260830,0.7580706120814914,Random forest,False,0.7456374880666086,0.7741959777082268,0.20362260890974462,0.700589970501475,0.7274119448698315
plausible,PROJECT,20260826,0.7233264042083829,GRIE (hand-specified),True,0.71019641948074,0.8068511642736689,0.24272975936792773,0.8992805755395683,0.22007042253521128
plausible,PROJECT,20260826,0.7233264042083829,GRIE (tuned weights),True,0.718426522993382,0.8170398497642202,0.2507465064614207,0.9148936170212766,0.15140845070422534
plausible,PROJECT,20260826,0.7233264042083829,Logistic regression,True,0.7140993551671475,0.808474210406608,0.2054069920032366,0.7160686427457098,0.8080985915492958
plausible,PROJECT,20260826,0.7233264042083829,Gradient boosting,False,0.6936619718309859,0.8008880818841012,0.21257034281080664,0.7097288676236044,0.7834507042253521
plausible,PROJECT,20260826,0.7233264042083829,Random forest,False,0.705100330901069,0.8072739816771033,0.20855089656041417,0.7065217391304348,0.801056338028169
plausible,PROJECT,20260827,0.7524243820540117,GRIE (hand-specified),True,0.7508937508937509,0.8435076350456491,0.23221485335064623,0.9411764705882353,0.2257495590828924
plausible,PROJECT,20260827,0.7524243820540117,GRIE (tuned weights),True,0.7506871951316395,0.8434170747401812,0.23800422954462078,0.9396551724137931,0.19223985890652556
plausible,PROJECT,20260827,0.7524243820540117,Logistic regression,True,0.7460953016508571,0.8368882535941227,0.19485920712378516,0.7332242225859247,0.7901234567901234
plausible,PROJECT,20260827,0.7524243820540117,Gradient boosting,False,0.7352987908543464,0.8235934571411105,0.19911772947160836,0.7305785123966942,0.7795414462081128
plausible,PROJECT,20260827,0.7524243820540117,Random forest,False,0.7428433724730021,0.8365680598117267,0.19582281651975703,0.7318255250403877,0.798941798941799
plausible,PROJECT,20260828,0.7416425120772947,GRIE (hand-specified),True,0.7295521608565088,0.7915435145423975,0.23488893952773393,0.8661971830985915,0.22162162162162163
plausible,PROJECT,20260828,0.7416425120772947,GRIE (tuned weights),True,0.7351037994516256,0.8009139464657963,0.24700860188858326,0.8831168831168831,0.12252252252252252
plausible,PROJECT,20260828,0.7416425120772947,Logistic regression,True,0.7359655307481394,0.803124106090366,0.19834688902467273,0.7076205287713841,0.8198198198198198
plausible,PROJECT,20260828,0.7416425120772947,Gradient boosting,False,0.7302363232798016,0.7973830702264801,0.20116064277624912,0.7297734627831716,0.8126126126126126
plausible,PROJECT,20260828,0.7416425120772947,Random forest,False,0.7316464290377334,0.7988569762091796,0.19991088360959453,0.7234375,0.8342342342342343
plausible,PROJECT,20260829,0.7691294985502304,GRIE (hand-specified),True,0.7649454204332253,0.8450087493761942,0.22778776693799657,0.9328859060402684,0.243006993006993
plausible,PROJECT,20260829,0.7691294985502304,GRIE (tuned weights),True,0.7641832253112739,0.844988917796764,0.2426777777939561,0.9659090909090909,0.1486013986013986
plausible,PROJECT,20260829,0.7691294985502304,Logistic regression,True,0.7617367388708852,0.8460527087068083,0.1874462442156267,0.745839636913767,0.8618881118881119
plausible,PROJECT,20260829,0.7691294985502304,Gradient boosting,False,0.7455920603786458,0.8319991297156827,0.19247660094030342,0.7382039573820396,0.8479020979020979
plausible,PROJECT,20260829,0.7691294985502304,Random forest,False,0.7464821763602252,0.8353174457512759,0.1920703649207382,0.7344461305007587,0.8461538461538461
plausible,PROJECT,20260830,0.7986768539707655,GRIE (hand-specified),True,0.78711790972661,0.8680533561266693,0.2210275609577742,0.9607843137254902,0.2583479789103691
plausible,PROJECT,20260830,0.7986768539707655,GRIE (tuned weights),True,0.7929106557855782,0.8730743042409339,0.2347803556778032,0.9746835443037974,0.13532513181019332
plausible,PROJECT,20260830,0.7986768539707655,Logistic regression,True,0.7887957353495558,0.8655790933427061,0.17771639875675077,0.7608346709470305,0.8330404217926186
plausible,PROJECT,20260830,0.7986768539707655,Gradient boosting,False,0.7744333356341491,0.8518392323545314,0.18324178617331402,0.7585089141004863,0.8224956063268892
plausible,PROJECT,20260830,0.7986768539707655,Random forest,False,0.7835976616632774,0.863539485477606,0.17981365612532438,0.753968253968254,0.8347978910369068
plausible,CONTRACTOR,20260826,0.7291966362497763,GRIE (hand-specified),True,0.7147611379495439,0.739857730796001,0.23551286121391998,0.8979591836734694,0.10864197530864197
plausible,CONTRACTOR,20260826,0.7291966362497763,GRIE (tuned weights),True,0.7209089282519234,0.7556926833579678,0.2450385372691735,0.9230769230769231,0.08888888888888889
plausible,CONTRACTOR,20260826,0.7291966362497763,Logistic regression,True,0.7207228484523172,0.7559282501104393,0.21237891301238315,0.6864197530864198,0.6864197530864198
plausible,CONTRACTOR,20260826,0.7291966362497763,Gradient boosting,False,0.7018178565038468,0.7479087445716934,0.21893113975827505,0.6805896805896806,0.6839506172839506
plausible,CONTRACTOR,20260826,0.7291966362497763,Random forest,False,0.7064483807478977,0.7481530475604604,0.21750915282019265,0.6658767772511849,0.6938271604938272
plausible,CONTRACTOR,20260827,0.7456140350877193,GRIE (hand-specified),True,0.7257840270611169,0.752107989421214,0.23148432100273397,0.8983050847457628,0.12990196078431374
plausible,CONTRACTOR,20260827,0.7456140350877193,GRIE (tuned weights),True,0.7362329434697855,0.7613635656909257,0.24348948525946085,0.8918918918918919,0.08088235294117647
plausible,CONTRACTOR,20260827,0.7456140350877193,Logistic regression,True,0.739493750716661,0.7637047933176269,0.20614065338814658,0.6917808219178082,0.7426470588235294
plausible,CONTRACTOR,20260827,0.7456140350877193,Gradient boosting,False,0.7271815158812063,0.7510097597490282,0.21081535312020522,0.7103960396039604,0.7034313725490197
plausible,CONTRACTOR,20260827,0.7456140350877193,Random forest,False,0.7221075564728816,0.748249660019217,0.21162810911009342,0.6901408450704225,0.7205882352941176
plausible,CONTRACTOR,20260828,0.7398371071840458,GRIE (hand-specified),True,0.716620941110737,0.7515649803595217,0.23271543899401156,0.8787878787878788,0.14250614250614252
plausible,CONTRACTOR,20260828,0.7398371071840458,GRIE (tuned weights),True,0.7259475218658892,0.7596341595756715,0.24575182135907309,0.9705882352941176,0.08108108108108109
plausible,CONTRACTOR,20260828,0.7398371071840458,Logistic regression,True,0.7253171538885823,0.7593182824765314,0.2113560819118739,0.6743119266055045,0.7223587223587223
plausible,CONTRACTOR,20260828,0.7398371071840458,Gradient boosting,False,0.71362669321853,0.7549990749886585,0.2154141516112233,0.6810933940774487,0.7346437346437347
plausible,CONTRACTOR,20260828,0.7398371071840458,Random forest,False,0.7161266753103488,0.7508010501781546,0.21518704697320748,0.6900452488687783,0.7493857493857494
plausible,CONTRACTOR,20260829,0.7447998913890062,GRIE (hand-specified),True,0.7283939149261516,0.7406470130998511,0.2319684757289328,0.8867924528301887,0.1172069825436409
plausible,CONTRACTOR,20260829,0.7447998913890062,GRIE (tuned weights),True,0.7400624513215528,0.7685314477069736,0.24546760762225683,0.9117647058823529,0.0773067331670823
plausible,CONTRACTOR,20260829,0.7447998913890062,Logistic regression,True,0.7398766693581234,0.7682096496162034,0.20646623261517444,0.7121588089330024,0.71571072319202
plausible,CONTRACTOR,20260829,0.7447998913890062,Gradient boosting,False,0.7212448820641805,0.7388464963360144,0.21420158757107718,0.6844660194174758,0.7032418952618454
plausible,CONTRACTOR,20260829,0.7447998913890062,Random forest,False,0.7326954819255586,0.7479281832844973,0.209107497505202,0.6855791962174941,0.7231920199501247
plausible,CONTRACTOR,20260830,0.7415932386261463,GRIE (hand-specified),True,0.7338176586944793,0.7809944505079041,0.23148380770400304,0.9193548387096774,0.13734939759036144
plausible,CONTRACTOR,20260830,0.7415932386261463,GRIE (tuned weights),True,0.739802193850027,0.7845499201625918,0.23916324593373883,0.9,0.10843373493975904
plausible,CONTRACTOR,20260830,0.7415932386261463,Logistic regression,True,0.7408667505844273,0.7857218739668732,0.2042403550033441,0.6924882629107981,0.7108433734939759
plausible,CONTRACTOR,20260830,0.7415932386261463,Gradient boosting,False,0.7285416292033807,0.7838126754135797,0.2079341225277523,0.6910377358490566,0.7060240963855422
plausible,CONTRACTOR,20260830,0.7415932386261463,Random forest,False,0.733925552958101,0.7842195643364516,0.2072166091170514,0.6845637583892618,0.7373493975903614
adversarial,SECTOR,20260826,0.8353817370055405,GRIE (hand-specified),True,0.787990914928929,0.7967492060336452,0.21022559759237974,0.889763779527559,0.18314424635332252
adversarial,SECTOR,20260826,0.8353817370055405,GRIE (tuned weights),True,0.8103672114558632,0.8184921315803018,0.20879500564695597,0.918918918918919,0.16531604538087522
adversarial,SECTOR,20260826,0.8353817370055405,Logistic regression,True,0.8121047173981335,0.8220230235274066,0.1773761158589262,0.7523809523809524,0.7682333873581848
adversarial,SECTOR,20260826,0.8353817370055405,Gradient boosting,False,0.8246272702252642,0.8339438930888614,0.1667197854976415,0.8170055452865065,0.7163695299837926
adversarial,SECTOR,20260826,0.8353817370055405,Random forest,False,0.8275198701179558,0.8335271229688941,0.165429465725831,0.810126582278481,0.7260940032414911
adversarial,SECTOR,20260827,0.8196544366583117,GRIE (hand-specified),True,0.7835124391119173,0.787064929764488,0.2098403222835901,0.864516129032258,0.21508828250401285
adversarial,SECTOR,20260827,0.8196544366583117,GRIE (tuned weights),True,0.7992438889367988,0.7912532137047684,0.21050226360759383,0.873015873015873,0.17656500802568217
adversarial,SECTOR,20260827,0.8196544366583117,Logistic regression,True,0.8045127423352649,0.8029464503692854,0.179876195361355,0.7564516129032258,0.7528089887640449
adversarial,SECTOR,20260827,0.8196544366583117,Gradient boosting,False,0.8148181633567102,0.8296054373546077,0.1726825399103391,0.8083941605839416,0.7110754414125201
adversarial,SECTOR,20260827,0.8196544366583117,Random forest,False,0.8209257492259459,0.838203536468122,0.1714988283641446,0.8065693430656934,0.709470304975923
adversarial,SECTOR,20260828,0.8243508084272415,GRIE (hand-specified),True,0.7829467507015277,0.7778287201772198,0.21248996474698367,0.849624060150376,0.17993630573248406
adversarial,SECTOR,20260828,0.8243508084272415,GRIE (tuned weights),True,0.802773261770077,0.8004508386977252,0.21317861274020256,0.8660714285714286,0.15445859872611464
adversarial,SECTOR,20260828,0.8243508084272415,Logistic regression,True,0.8029848336376998,0.8050939463627926,0.18067831570516035,0.7614533965244866,0.767515923566879
adversarial,SECTOR,20260828,0.8243508084272415,Gradient boosting,False,0.818305699077992,0.8227341919944069,0.17127801262343326,0.8146788990825689,0.7070063694267515
adversarial,SECTOR,20260828,0.8243508084272415,Random forest,False,0.8157904993096076,0.8163571340591038,0.17184487175861507,0.8042328042328042,0.7261146496815286
adversarial,SECTOR,20260829,0.8382741985683162,GRIE (hand-specified),True,0.8047580143168378,0.7979581673037133,0.20684902764910512,0.8823529411764706,0.19607843137254902
adversarial,SECTOR,20260829,0.8382741985683162,GRIE (tuned weights),True,0.8203948245965053,0.8102747217243914,0.20685531606616395,0.8910891089108911,0.14705882352941177
adversarial,SECTOR,20260829,0.8382741985683162,Logistic regression,True,0.8235738739940421,0.8168380698828983,0.17104577311038635,0.7647058823529411,0.7647058823529411
adversarial,SECTOR,20260829,0.8382741985683162,Gradient boosting,False,0.8285647592370281,0.8291244848478826,0.16532163513767872,0.797153024911032,0.7320261437908496
adversarial,SECTOR,20260829,0.8382741985683162,Random forest,False,0.8291844515584011,0.8343667937970688,0.16449004405248913,0.8128440366972477,0.7238562091503268
adversarial,SECTOR,20260830,0.80565043034091,GRIE (hand-specified),True,0.7750054886877451,0.7802542730820863,0.21207811561852188,0.8827586206896552,0.20880913539967375
adversarial,SECTOR,20260830,0.80565043034091,GRIE (tuned weights),True,0.7868165888986773,0.7913436147435933,0.21318344679054443,0.8807339449541285,0.1566068515497553
adversarial,SECTOR,20260830,0.80565043034091,Logistic regression,True,0.7900959061337127,0.7981008797589723,0.18720081090710233,0.7347611202635914,0.7275693311582382
adversarial,SECTOR,20260830,0.80565043034091,Gradient boosting,False,0.7921968924300574,0.8066002171338197,0.18102263780079986,0.8084677419354839,0.6541598694942904
adversarial,SECTOR,20260830,0.80565043034091,Random forest,False,0.7956262801148317,0.8063656134540025,0.17961686443227284,0.8122529644268774,0.6704730831973899
adversarial,PROJECT,20260826,0.8272633240786107,GRIE (hand-specified),True,0.8084618848950058,0.8357171027960627,0.19975704813987943,0.9452054794520548,0.2929936305732484
adversarial,PROJECT,20260826,0.8272633240786107,GRIE (tuned weights),True,0.810748345780193,0.8360015219454681,0.199658641644088,0.9574468085106383,0.28662420382165604
adversarial,PROJECT,20260826,0.8272633240786107,Logistic regression,True,0.8068633418951889,0.8261278082361498,0.17948860535147249,0.7350427350427351,0.7303609341825902
adversarial,PROJECT,20260826,0.8272633240786107,Gradient boosting,False,0.8187361117297424,0.8441985720531289,0.1734466112430357,0.7865707434052758,0.6963906581740976
adversarial,PROJECT,20260826,0.8272633240786107,Random forest,False,0.820859253980273,0.8473674734670188,0.1710073403064855,0.8029197080291971,0.7006369426751592
adversarial,PROJECT,20260827,0.8324994173332209,GRIE (hand-specified),True,0.8140177229878162,0.8415396200566303,0.19901264954435538,0.9455782312925171,0.29018789144050106
adversarial,PROJECT,20260827,0.8324994173332209,GRIE (tuned weights),True,0.820236141208674,0.8492232696774429,0.19539226308541685,0.9447852760736196,0.32150313152400833
adversarial,PROJECT,20260827,0.8324994173332209,Logistic regression,True,0.8184311139101156,0.8439546779924615,0.1748496490200609,0.7545271629778671,0.7828810020876826
adversarial,PROJECT,20260827,0.8324994173332209,Gradient boosting,False,0.8203402773989755,0.853553782792068,0.17065033402076274,0.7802690582959642,0.7265135699373695
adversarial,PROJECT,20260827,0.8324994173332209,Random forest,False,0.8239404142636828,0.8572298895288061,0.1692295061826749,0.7899543378995434,0.7223382045929019
adversarial,PROJECT,20260828,0.813268213670191,GRIE (hand-specified),True,0.7973076410253878,0.8078760901213506,0.19881581416829458,0.9006622516556292,0.30155210643015523
adversarial,PROJECT,20260828,0.813268213670191,GRIE (tuned weights),True,0.7976977664087229,0.8097710428947364,0.19864197095174232,0.9194630872483222,0.30376940133037694
adversarial,PROJECT,20260828,0.813268213670191,Logistic regression,True,0.7929224341848602,0.8044843885615464,0.18561570066256627,0.7194570135746606,0.70509977827051
adversarial,PROJECT,20260828,0.813268213670191,Gradient boosting,False,0.7942335517706262,0.809686693690344,0.1832313964244657,0.783641160949868,0.6585365853658537
adversarial,PROJECT,20260828,0.813268213670191,Random forest,False,0.8030410026716182,0.8246194154144191,0.17801576833919408,0.7714285714285715,0.6585365853658537
adversarial,PROJECT,20260829,0.8230053513457423,GRIE (hand-specified),True,0.7962535638579102,0.8289415462563162,0.20029436573942,0.94,0.30585683297180044
adversarial,PROJECT,20260829,0.8230053513457423,GRIE (tuned weights),True,0.799855716255145,0.833462368113915,0.19944456662295706,0.9539473684210527,0.31453362255965295
adversarial,PROJECT,20260829,0.8230053513457423,Logistic regression,True,0.7945537827541396,0.823775836921769,0.1848135493635819,0.7190775681341719,0.7440347071583514
adversarial,PROJECT,20260829,0.8230053513457423,Gradient boosting,False,0.8165521126203805,0.8502639676253647,0.17044046852393177,0.805,0.6984815618221258
adversarial,PROJECT,20260829,0.8230053513457423,Random forest,False,0.8197144960692562,0.854676477686752,0.1694178888622516,0.8025641025641026,0.6789587852494577
adversarial,PROJECT,20260830,0.8479710798922934,GRIE (hand-specified),True,0.8188972473333698,0.8584314567129001,0.19660623816241352,0.9801324503311258,0.3089770354906054
adversarial,PROJECT,20260830,0.8479710798922934,GRIE (tuned weights),True,0.8233255148542837,0.8609504680259883,0.19373802342651197,0.9695121951219512,0.33194154488517746
adversarial,PROJECT,20260830,0.8479710798922934,Logistic regression,True,0.8153169459334818,0.8490941927514513,0.17561927668952468,0.7525773195876289,0.7620041753653445
adversarial,PROJECT,20260830,0.8479710798922934,Gradient boosting,False,0.840329467070649,0.8714868122309334,0.16196698561701642,0.7678958785249458,0.7390396659707724
adversarial,PROJECT,20260830,0.8479710798922934,Random forest,False,0.8430915555467398,0.8818825402966896,0.15905059208462288,0.7871396895787139,0.7411273486430062
adversarial,CONTRACTOR,20260826,0.784479525885839,GRIE (hand-specified),True,0.7417371931088743,0.7014846292882382,0.206292953314075,0.9375,0.1465798045602606
adversarial,CONTRACTOR,20260826,0.784479525885839,GRIE (tuned weights),True,0.7787810383747178,0.7458741228112755,0.19821068481412993,0.8888888888888888,0.13029315960912052
adversarial,CONTRACTOR,20260826,0.784479525885839,Logistic regression,True,0.7781854545187168,0.7444878869486051,0.18194024255740948,0.7488584474885844,0.5342019543973942
adversarial,CONTRACTOR,20260826,0.784479525885839,Gradient boosting,False,0.785872897993397,0.7507321060643709,0.17842609675522916,0.7400881057268722,0.5472312703583062
adversarial,CONTRACTOR,20260826,0.784479525885839,Random forest,False,0.7820677789133903,0.7447501183252554,0.18070650011323477,0.7301587301587301,0.5993485342019544
adversarial,CONTRACTOR,20260827,0.8196427132697083,GRIE (hand-specified),True,0.7909528378586235,0.7372351840633358,0.19782150483666905,0.8653846153846154,0.14469453376205788
adversarial,CONTRACTOR,20260827,0.8196427132697083,GRIE (tuned weights),True,0.8199723135744055,0.7764980085361783,0.19201524001681147,0.8780487804878049,0.1157556270096463
adversarial,CONTRACTOR,20260827,0.8196427132697083,Logistic regression,True,0.8177090581488182,0.7717749595885962,0.16929854306193995,0.7676348547717843,0.594855305466238
adversarial,CONTRACTOR,20260827,0.8196427132697083,Gradient boosting,False,0.8066930835207172,0.7651313627855123,0.17203979437998418,0.7698744769874477,0.5916398713826366
adversarial,CONTRACTOR,20260827,0.8196427132697083,Random forest,False,0.80353624504684,0.7687249220723158,0.17234771065466073,0.75,0.617363344051447
adversarial,CONTRACTOR,20260828,0.8009846315666453,GRIE (hand-specified),True,0.7633451177467423,0.728221758013684,0.20284382000844114,0.9,0.17197452229299362
adversarial,CONTRACTOR,20260828,0.8009846315666453,GRIE (tuned weights),True,0.7903421375562438,0.767896625269029,0.19860565283194667,0.9636363636363636,0.16878980891719744
adversarial,CONTRACTOR,20260828,0.8009846315666453,Logistic regression,True,0.7905685735990182,0.7682153229597521,0.17800817810230427,0.7405857740585774,0.5636942675159236
adversarial,CONTRACTOR,20260828,0.8009846315666453,Gradient boosting,False,0.7856673289312219,0.7594757667358226,0.18045105023331787,0.7198443579766537,0.589171974522293
adversarial,CONTRACTOR,20260828,0.8009846315666453,Random forest,False,0.7904590077718693,0.7724121422479902,0.1781338392983169,0.7389558232931727,0.5859872611464968
adversarial,CONTRACTOR,20260829,0.8407745981275392,GRIE (hand-specified),True,0.8092430665960078,0.7685180569886182,0.19280242544822104,0.9454545454545454,0.16993464052287582
adversarial,CONTRACTOR,20260829,0.8407745981275392,GRIE (tuned weights),True,0.8361817700052994,0.8097473308768115,0.18438278358233318,0.9838709677419355,0.19934640522875818
adversarial,CONTRACTOR,20260829,0.8407745981275392,Logistic regression,True,0.8371974916092563,0.8115389987525898,0.1575271332472713,0.7833333333333333,0.6143790849673203
adversarial,CONTRACTOR,20260829,0.8407745981275392,Gradient boosting,False,0.8301794441500323,0.8027453418446115,0.15939748541092116,0.75,0.6372549019607843
adversarial,CONTRACTOR,20260829,0.8407745981275392,Random forest,False,0.8294470941529766,0.8045889932666507,0.16027129560293238,0.7704918032786885,0.6143790849673203
adversarial,CONTRACTOR,20260830,0.8104575638778375,GRIE (hand-specified),True,0.7904050505858651,0.7588216931757528,0.19898075378153612,0.9607843137254902,0.1536050156739812
adversarial,CONTRACTOR,20260830,0.8104575638778375,GRIE (tuned weights),True,0.8125231836728757,0.7926692898249856,0.19250073819686267,0.9491525423728814,0.1755485893416928
adversarial,CONTRACTOR,20260830,0.8104575638778375,Logistic regression,True,0.8116212933398308,0.7922301546756974,0.17014173404379598,0.7537878787878788,0.6238244514106583
adversarial,CONTRACTOR,20260830,0.8104575638778375,Gradient boosting,False,0.8018132359679684,0.7862080750464464,0.17273611581275078,0.7472118959107806,0.6300940438871473
adversarial,CONTRACTOR,20260830,0.8104575638778375,Random forest,False,0.800354937485908,0.7850876745912397,0.17210986940100134,0.7372262773722628,0.6332288401253918
